focus,n,A,B,mean(A),std(A),mean(B),std(B),U,p-value
sp,1,cnn,cnn-lstm,0.41017224839837874,0.38412420334275527,0.439990997197953,0.33877411376477345,25145.0,0.356
sp,1,cnn,lstm,0.41017224839837874,0.38412420334275527,0.37105794849764484,0.35645416917794776,28836.0,0.10439999999999999
sp,1,cnn,mlp,0.41017224839837874,0.38412420334275527,0.28542548300907494,0.34056346302876617,32091.0,0.0
sp,1,cnn-lstm,lstm,0.439990997197953,0.33877411376477345,0.37105794849764484,0.35645416917794776,30188.0,0.012
sp,1,cnn-lstm,mlp,0.439990997197953,0.33877411376477345,0.28542548300907494,0.34056346302876617,34171.0,0.0
sp,1,lstm,mlp,0.37105794849764484,0.35645416917794776,0.28542548300907494,0.34056346302876617,30226.0,0.012
sp,2,cnn,cnn-lstm,0.6152930066671436,0.34556745821353946,0.6616101838310543,0.2966736610579151,25489.0,0.5
sp,2,cnn,lstm,0.6152930066671436,0.34556745821353946,0.5806357668162981,0.33536014259044133,29678.5,0.0276
sp,2,cnn,mlp,0.6152930066671436,0.34556745821353946,0.4783596257073351,0.3615457168415696,32768.0,0.0
sp,2,cnn-lstm,lstm,0.6616101838310543,0.2966736610579151,0.5806357668162981,0.33536014259044133,30777.5,0.004
sp,2,cnn-lstm,mlp,0.6616101838310543,0.2966736610579151,0.4783596257073351,0.3615457168415696,34381.0,0.0
sp,2,lstm,mlp,0.5806357668162981,0.33536014259044133,0.4783596257073351,0.3615457168415696,30190.5,0.012
sp,3,cnn,cnn-lstm,0.7715862345715847,0.1860704452198237,0.7556145197286058,0.20398300975872727,27204.5,0.597
sp,3,cnn,lstm,0.7715862345715847,0.1860704452198237,0.733915558866813,0.1790698017341475,31392.0,0.002
sp,3,cnn,mlp,0.7715862345715847,0.1860704452198237,0.6428527229442792,0.284012877451256,33856.0,0.0
sp,3,cnn-lstm,lstm,0.7556145197286058,0.20398300975872727,0.733915558866813,0.1790698017341475,30497.0,0.007500000000000001
sp,3,cnn-lstm,mlp,0.7556145197286058,0.20398300975872727,0.6428527229442792,0.284012877451256,33119.5,0.0
sp,3,lstm,mlp,0.733915558866813,0.1790698017341475,0.6428527229442792,0.284012877451256,29758.5,0.024
sp,4,cnn,cnn-lstm,0.7890268522157426,0.2165150510497202,0.7807051751497934,0.1984908990791571,28348.0,0.2196
sp,4,cnn,lstm,0.7890268522157426,0.2165150510497202,0.732486530048861,0.2268218299294912,32534.5,0.0
sp,4,cnn,mlp,0.7890268522157426,0.2165150510497202,0.6920249544477565,0.28590624349224475,32979.5,0.0
sp,4,cnn-lstm,lstm,0.7807051751497934,0.1984908990791571,0.732486530048861,0.2268218299294912,30860.5,0.003
sp,4,cnn-lstm,mlp,0.7807051751497934,0.1984908990791571,0.6920249544477565,0.28590624349224475,31378.5,0.002
sp,4,lstm,mlp,0.732486530048861,0.2268218299294912,0.6920249544477565,0.28590624349224475,27066.0,0.666
sp,5,cnn,cnn-lstm,0.8460397543642577,0.1271022178601065,0.8409819317249716,0.1150695024566015,28002.0,0.3312
sp,5,cnn,lstm,0.8460397543642577,0.1271022178601065,0.7860493909869387,0.1581384011305608,34084.5,0.0
sp,5,cnn,mlp,0.8460397543642577,0.1271022178601065,0.7673888297115299,0.22131555439668282,32543.5,0.0
sp,5,cnn-lstm,lstm,0.8409819317249716,0.1150695024566015,0.7860493909869387,0.1581384011305608,32635.0,0.0
sp,5,cnn-lstm,mlp,0.8409819317249716,0.1150695024566015,0.7673888297115299,0.22131555439668282,31122.0,0.0015
sp,5,lstm,mlp,0.7860493909869387,0.1581384011305608,0.7673888297115299,0.22131555439668282,25176.5,0.372
sp,6,cnn,cnn-lstm,0.7973382047148566,0.22194696774327238,0.8165665535948515,0.16005132938314778,26769.0,0.823
sp,6,cnn,lstm,0.7973382047148566,0.22194696774327238,0.7566303658285308,0.22171668879874654,31823.5,0.0
sp,6,cnn,mlp,0.7973382047148566,0.22194696774327238,0.7478149241379806,0.25186971510021566,31257.5,0.0015
sp,6,cnn-lstm,lstm,0.8165665535948515,0.16005132938314778,0.7566303658285308,0.22171668879874654,31754.5,0.0
sp,6,cnn-lstm,mlp,0.8165665535948515,0.16005132938314778,0.7478149241379806,0.25186971510021566,31199.5,0.0015
sp,6,lstm,mlp,0.7566303658285308,0.22171668879874654,0.7478149241379806,0.25186971510021566,25453.5,0.582
sp,7,cnn,cnn-lstm,0.8607536648772584,0.09744485167012765,0.8474820441010572,0.143942306120292,26499.0,0.973
sp,7,cnn,lstm,0.8607536648772584,0.09744485167012765,0.7937613658089299,0.15451654097695633,34515.0,0.0
sp,7,cnn,mlp,0.8607536648772584,0.09744485167012765,0.7840006856034613,0.2190337492509563,32245.5,0.0
sp,7,cnn-lstm,lstm,0.8474820441010572,0.143942306120292,0.7937613658089299,0.15451654097695633,34195.5,0.0
sp,7,cnn-lstm,mlp,0.8474820441010572,0.143942306120292,0.7840006856034613,0.2190337492509563,31963.5,0.0
sp,7,lstm,mlp,0.7937613658089299,0.15451654097695633,0.7840006856034613,0.2190337492509563,24110.0,0.1212
sp,8,cnn,cnn-lstm,0.8604425127855746,0.11617612208188513,0.8509921014745165,0.11299840170608748,28402.5,0.171
sp,8,cnn,lstm,0.8604425127855746,0.11617612208188513,0.8048008578335667,0.1355966127999532,34184.5,0.0
sp,8,cnn,mlp,0.8604425127855746,0.11617612208188513,0.820603146213298,0.16661205556005038,31454.0,0.0
sp,8,cnn-lstm,lstm,0.8509921014745165,0.11299840170608748,0.8048008578335667,0.1355966127999532,32543.0,0.0
sp,8,cnn-lstm,mlp,0.8509921014745165,0.11299840170608748,0.820603146213298,0.16661205556005038,29352.0,0.0504
sp,8,lstm,mlp,0.8048008578335667,0.1355966127999532,0.820603146213298,0.16661205556005038,23012.5,0.024
sp,9,cnn,cnn-lstm,0.8784618209318843,0.09505676569408215,0.8605745756424175,0.0955194057821515,30485.5,0.01
sp,9,cnn,lstm,0.8784618209318843,0.09505676569408215,0.8441312110266305,0.10453476584144884,32728.0,0.0
sp,9,cnn,mlp,0.8784618209318843,0.09505676569408215,0.8556275304337256,0.11362933519784121,31108.0,0.003
sp,9,cnn-lstm,lstm,0.8605745756424175,0.0955194057821515,0.8441312110266305,0.10453476584144884,28835.0,0.14100000000000001
sp,9,cnn-lstm,mlp,0.8605745756424175,0.0955194057821515,0.8556275304337256,0.11362933519784121,26826.5,0.792
sp,9,lstm,mlp,0.8441312110266305,0.10453476584144884,0.8556275304337256,0.11362933519784121,24353.0,0.1692
sp,10,cnn,cnn-lstm,0.8882524887385267,0.07369091878811783,0.8761205013636281,0.08049211853713313,29233.0,0.0765
sp,10,cnn,lstm,0.8882524887385267,0.07369091878811783,0.8531451531239685,0.10059970788391671,32582.0,0.0
sp,10,cnn,mlp,0.8882524887385267,0.07369091878811783,0.8550288352862029,0.12804621804321717,31854.0,0.0
sp,10,cnn-lstm,lstm,0.8761205013636281,0.08049211853713313,0.8531451531239685,0.10059970788391671,30016.5,0.024
sp,10,cnn-lstm,mlp,0.8761205013636281,0.08049211853713313,0.8550288352862029,0.12804621804321717,28886.5,0.10439999999999999
sp,10,lstm,mlp,0.8531451531239685,0.10059970788391671,0.8550288352862029,0.12804621804321717,25154.0,0.363
sp,11,cnn,cnn-lstm,0.8853518443239596,0.07452889240119594,0.8723385574052425,0.07914150038456243,29501.0,0.064
sp,11,cnn,lstm,0.8853518443239596,0.07452889240119594,0.8493132362131788,0.10459342277700472,31866.0,0.0
sp,11,cnn,mlp,0.8853518443239596,0.07452889240119594,0.8609145609243639,0.1261758794644069,29998.5,0.039
sp,11,cnn-lstm,lstm,0.8723385574052425,0.07914150038456243,0.8493132362131788,0.10459342277700472,29165.0,0.0855
sp,11,cnn-lstm,mlp,0.8723385574052425,0.07914150038456243,0.8609145609243639,0.1261758794644069,26723.5,0.848
sp,11,lstm,mlp,0.8493132362131788,0.10459342277700472,0.8609145609243639,0.1261758794644069,23932.5,0.0924
sp,12,cnn,cnn-lstm,0.8772943100320886,0.11178278771340183,0.8673494417703592,0.09028128412253868,30370.5,0.018000000000000002
sp,12,cnn,lstm,0.8772943100320886,0.11178278771340183,0.8468763783366381,0.1258166211150945,32241.5,0.0
sp,12,cnn,mlp,0.8772943100320886,0.11178278771340183,0.8608737146125073,0.14470080466937332,29415.5,0.057
sp,12,cnn-lstm,lstm,0.8673494417703592,0.09028128412253868,0.8468763783366381,0.1258166211150945,28550.0,0.1692
sp,12,cnn-lstm,mlp,0.8673494417703592,0.09028128412253868,0.8608737146125073,0.14470080466937332,25135.0,0.356
sp,12,lstm,mlp,0.8468763783366381,0.1258166211150945,0.8608737146125073,0.14470080466937332,23199.0,0.046
sp,13,cnn,cnn-lstm,0.8924116967203085,0.08413529303349909,0.8811459137045866,0.0768275946224821,30349.0,0.012
sp,13,cnn,lstm,0.8924116967203085,0.08413529303349909,0.8637948919411809,0.10204793225010604,32037.0,0.0
sp,13,cnn,mlp,0.8924116967203085,0.08413529303349909,0.8819420473711216,0.09591465050788889,30779.0,0.006
sp,13,cnn-lstm,lstm,0.8811459137045866,0.0768275946224821,0.8637948919411809,0.10204793225010604,28465.5,0.2316
sp,13,cnn-lstm,mlp,0.8811459137045866,0.0768275946224821,0.8819420473711216,0.09591465050788889,26653.0,0.887
sp,13,lstm,mlp,0.8637948919411809,0.10204793225010604,0.8819420473711216,0.09591465050788889,24593.0,0.2316
sp,14,cnn,cnn-lstm,0.8965293496325017,0.07051684647958896,0.8866966143067101,0.07347566298893987,28940.0,0.12150000000000001
sp,14,cnn,lstm,0.8965293496325017,0.07051684647958896,0.8664121620259412,0.0990872568882075,31556.5,0.0
sp,14,cnn,mlp,0.8965293496325017,0.07051684647958896,0.8789188701025806,0.10037867255988421,30416.5,0.015000000000000001
sp,14,cnn-lstm,lstm,0.8866966143067101,0.07347566298893987,0.8664121620259412,0.0990872568882075,29143.5,0.118
sp,14,cnn-lstm,mlp,0.8866966143067101,0.07347566298893987,0.8789188701025806,0.10037867255988421,27836.5,0.331
sp,14,lstm,mlp,0.8664121620259412,0.0990872568882075,0.8789188701025806,0.10037867255988421,24865.5,0.3204
sp,15,cnn,cnn-lstm,0.90088202040361,0.06916837137142468,0.8863931748028937,0.06817181816784283,31218.5,0.003
sp,15,cnn,lstm,0.90088202040361,0.06916837137142468,0.8733932430467501,0.09063233176477659,31818.0,0.0
sp,15,cnn,mlp,0.90088202040361,0.06916837137142468,0.8957829410500724,0.05567975025470336,30911.5,0.004
sp,15,cnn-lstm,lstm,0.8863931748028937,0.06817181816784283,0.8733932430467501,0.09063233176477659,27457.5,0.552
sp,15,cnn-lstm,mlp,0.8863931748028937,0.06817181816784283,0.8957829410500724,0.05567975025470336,25602.0,0.552
sp,15,lstm,mlp,0.8733932430467501,0.09063233176477659,0.8957829410500724,0.05567975025470336,24647.5,0.309
sp,16,cnn,cnn-lstm,0.9026799823513747,0.07288859858624971,0.8919891180215398,0.07136113675678045,30619.5,0.006
sp,16,cnn,lstm,0.9026799823513747,0.07288859858624971,0.8685491912228873,0.0995356730603164,33580.5,0.0
sp,16,cnn,mlp,0.9026799823513747,0.07288859858624971,0.8863488230117158,0.08968404529389094,32240.0,0.0
sp,16,cnn-lstm,lstm,0.8919891180215398,0.07136113675678045,0.8685491912228873,0.0995356730603164,29784.0,0.0285
sp,16,cnn-lstm,mlp,0.8919891180215398,0.07136113675678045,0.8863488230117158,0.08968404529389094,27652.5,0.399
sp,16,lstm,mlp,0.8685491912228873,0.0995356730603164,0.8863488230117158,0.08968404529389094,24264.5,0.15
sp,17,cnn,cnn-lstm,0.904773713952296,0.06934530407097822,0.8908864600426396,0.07319692500294868,31383.5,0.002
sp,17,cnn,lstm,0.904773713952296,0.06934530407097822,0.8783843219828325,0.08872589242037404,32661.5,0.0
sp,17,cnn,mlp,0.904773713952296,0.06934530407097822,0.8936394668296739,0.07390057780747868,31799.0,0.0
sp,17,cnn-lstm,lstm,0.8908864600426396,0.07319692500294868,0.8783843219828325,0.08872589242037404,28320.0,0.22799999999999998
sp,17,cnn-lstm,mlp,0.8908864600426396,0.07319692500294868,0.8936394668296739,0.07390057780747868,26613.0,0.909
sp,17,lstm,mlp,0.8783843219828325,0.08872589242037404,0.8936394668296739,0.07390057780747868,24580.5,0.22799999999999998
sp,18,cnn,cnn-lstm,0.9073534952955968,0.0691612087817012,0.8957286512918544,0.06649795634729527,30966.5,0.004
sp,18,cnn,lstm,0.9073534952955968,0.0691612087817012,0.8820924295215701,0.08607101740618485,32327.0,0.0
sp,18,cnn,mlp,0.9073534952955968,0.0691612087817012,0.9002068479379456,0.04843923805749216,32244.5,0.0
sp,18,cnn-lstm,lstm,0.8957286512918544,0.06649795634729527,0.8820924295215701,0.08607101740618485,28444.5,0.24300000000000002
sp,18,cnn-lstm,mlp,0.8957286512918544,0.06649795634729527,0.9002068479379456,0.04843923805749216,27383.0,0.513
sp,18,lstm,mlp,0.8820924295215701,0.08607101740618485,0.9002068479379456,0.04843923805749216,25197.5,0.45599999999999996
sp,19,cnn,cnn-lstm,0.9093240677563937,0.06524836570590731,0.8978947237996292,0.0670230435810617,30620.0,0.006
sp,19,cnn,lstm,0.9093240677563937,0.06524836570590731,0.8814289546293405,0.08739819576287654,33969.5,0.0
sp,19,cnn,mlp,0.9093240677563937,0.06524836570590731,0.9014697224109022,0.06565376648104158,31472.0,0.0
sp,19,cnn-lstm,lstm,0.8978947237996292,0.0670230435810617,0.8814289546293405,0.08739819576287654,30114.5,0.012
sp,19,cnn-lstm,mlp,0.8978947237996292,0.0670230435810617,0.9014697224109022,0.06565376648104158,26799.5,0.807
sp,19,lstm,mlp,0.8814289546293405,0.08739819576287654,0.9014697224109022,0.06565376648104158,22680.0,0.012
sp,20,cnn,cnn-lstm,0.9086013033817838,0.06723699771139871,0.8986151452299491,0.0611135185180511,31223.0,0.002
sp,20,cnn,lstm,0.9086013033817838,0.06723699771139871,0.8830257718433183,0.09001724624305542,32765.5,0.0
sp,20,cnn,mlp,0.9086013033817838,0.06723699771139871,0.9057953137471135,0.04122719610201193,31720.5,0.0
sp,20,cnn-lstm,lstm,0.8986151452299491,0.0611135185180511,0.8830257718433183,0.09001724624305542,28446.5,0.19319999999999998
sp,20,cnn-lstm,mlp,0.8986151452299491,0.0611135185180511,0.9057953137471135,0.04122719610201193,26746.5,0.836
sp,20,lstm,mlp,0.8830257718433183,0.09001724624305542,0.9057953137471135,0.04122719610201193,24382.0,0.19319999999999998
sp,21,cnn,cnn-lstm,0.9148676423168679,0.06191906622085304,0.8996889076354364,0.06347444457549546,32344.0,0.0
sp,21,cnn,lstm,0.9148676423168679,0.06191906622085304,0.8917327432012409,0.075610600817359,33689.0,0.0
sp,21,cnn,mlp,0.9148676423168679,0.06191906622085304,0.9047238975248366,0.04411123510390318,33766.0,0.0
sp,21,cnn-lstm,lstm,0.8996889076354364,0.06347444457549546,0.8917327432012409,0.075610600817359,28173.0,0.3405
sp,21,cnn-lstm,mlp,0.8996889076354364,0.06347444457549546,0.9047238975248366,0.04411123510390318,27226.0,0.586
sp,21,lstm,mlp,0.8917327432012409,0.075610600817359,0.9047238975248366,0.04411123510390318,25536.0,0.586
sp,22,cnn,cnn-lstm,0.9153012351076397,0.06339638857776983,0.9029114730278741,0.06527802626399397,31303.0,0.002
sp,22,cnn,lstm,0.9153012351076397,0.06339638857776983,0.8923287700422764,0.0751242281223053,33780.5,0.0
sp,22,cnn,mlp,0.9153012351076397,0.06339638857776983,0.9086478823818133,0.041046126575856844,32776.0,0.0
sp,22,cnn-lstm,lstm,0.9029114730278741,0.06527802626399397,0.8923287700422764,0.0751242281223053,29374.0,0.060000000000000005
sp,22,cnn-lstm,mlp,0.9029114730278741,0.06527802626399397,0.9086478823818133,0.041046126575856844,27653.0,0.399
sp,22,lstm,mlp,0.8923287700422764,0.0751242281223053,0.9086478823818133,0.041046126575856844,24467.5,0.1968
sw,1,cnn,cnn-lstm,0.7257549299188499,0.15882253530371224,0.6478341304660395,0.22486791030846923,31348.5,0.002
sw,1,cnn,lstm,0.7257549299188499,0.15882253530371224,0.6791669770945399,0.19010563110310494,30427.0,0.007500000000000001
sw,1,cnn,mlp,0.7257549299188499,0.15882253530371224,0.6212507044949943,0.19356988151760932,35565.0,0.0
sw,1,cnn-lstm,lstm,0.6478341304660395,0.22486791030846923,0.6791669770945399,0.19010563110310494,25506.0,0.508
sw,1,cnn-lstm,mlp,0.6478341304660395,0.22486791030846923,0.6212507044949943,0.19356988151760932,30271.5,0.0084
sw,1,lstm,mlp,0.6791669770945399,0.19010563110310494,0.6212507044949943,0.19356988151760932,31844.5,0.0
sw,2,cnn,cnn-lstm,0.7818276273164221,0.14796217043132723,0.7596190453729195,0.15736418908855082,29005.5,0.0876
sw,2,cnn,lstm,0.7818276273164221,0.14796217043132723,0.7618027548741635,0.14486745049864208,29979.0,0.026
sw,2,cnn,mlp,0.7818276273164221,0.14796217043132723,0.7397336193317278,0.1427475176205128,33122.5,0.0
sw,2,cnn-lstm,lstm,0.7596190453729195,0.15736418908855082,0.7618027548741635,0.14486745049864208,27365.5,0.521
sw,2,cnn-lstm,mlp,0.7596190453729195,0.15736418908855082,0.7397336193317278,0.1427475176205128,30519.0,0.012
sw,2,lstm,mlp,0.7618027548741635,0.14486745049864208,0.7397336193317278,0.1427475176205128,29822.0,0.027
sw,3,cnn,cnn-lstm,0.7986247463647811,0.14260211500743722,0.7920529879849276,0.13327769866695244,28279.0,0.30000000000000004
sw,3,cnn,lstm,0.7986247463647811,0.14260211500743722,0.8027366431557591,0.12232900687117376,27626.5,0.49079999999999996
sw,3,cnn,mlp,0.7986247463647811,0.14260211500743722,0.7412081185878099,0.1720260583769896,33267.5,0.0
sw,3,cnn-lstm,lstm,0.7920529879849276,0.13327769866695244,0.8027366431557591,0.12232900687117376,25735.5,0.616
sw,3,cnn-lstm,mlp,0.7920529879849276,0.13327769866695244,0.7412081185878099,0.1720260583769896,31824.0,0.0
sw,3,lstm,mlp,0.8027366431557591,0.12232900687117376,0.7412081185878099,0.1720260583769896,32438.5,0.0
sw,4,cnn,cnn-lstm,0.8425872586644227,0.08934219374554239,0.8290855211983863,0.09216443297390414,28889.5,0.1305
sw,4,cnn,lstm,0.8425872586644227,0.08934219374554239,0.8335210750301749,0.08766136908366803,28514.0,0.17759999999999998
sw,4,cnn,mlp,0.8425872586644227,0.08934219374554239,0.7769691650656885,0.13806753946160535,36102.5,0.0
sw,4,cnn-lstm,lstm,0.8290855211983863,0.09216443297390414,0.8335210750301749,0.08766136908366803,26140.0,0.828
sw,4,cnn-lstm,mlp,0.8290855211983863,0.09216443297390414,0.7769691650656885,0.13806753946160535,33732.0,0.0
sw,4,lstm,mlp,0.8335210750301749,0.08766136908366803,0.7769691650656885,0.13806753946160535,34182.5,0.0
sw,5,cnn,cnn-lstm,0.8561141115197173,0.08394314546140132,0.836002908308268,0.09627913641867078,29914.5,0.0225
sw,5,cnn,lstm,0.8561141115197173,0.08394314546140132,0.8456586629417838,0.08269344118313807,28974.5,0.0924
sw,5,cnn,mlp,0.8561141115197173,0.08394314546140132,0.7991086821774507,0.12239769700975967,35816.5,0.0
sw,5,cnn-lstm,lstm,0.836002908308268,0.09627913641867078,0.8456586629417838,0.08269344118313807,25474.0,0.494
sw,5,cnn-lstm,mlp,0.836002908308268,0.09627913641867078,0.7991086821774507,0.12239769700975967,32319.5,0.0
sw,5,lstm,mlp,0.8456586629417838,0.08269344118313807,0.7991086821774507,0.12239769700975967,33404.5,0.0
sw,6,cnn,cnn-lstm,0.8598663555945463,0.0782854022098736,0.8477971830840787,0.07783943373582333,29485.5,0.0495
sw,6,cnn,lstm,0.8598663555945463,0.0782854022098736,0.8574246398731973,0.0702573478541112,27842.0,0.329
sw,6,cnn,mlp,0.8598663555945463,0.0782854022098736,0.8184047462005883,0.09989025647790353,34755.5,0.0
sw,6,cnn-lstm,lstm,0.8477971830840787,0.07783943373582333,0.8574246398731973,0.0702573478541112,24861.0,0.318
sw,6,cnn-lstm,mlp,0.8477971830840787,0.07783943373582333,0.8184047462005883,0.09989025647790353,31846.0,0.0
sw,6,lstm,mlp,0.8574246398731973,0.0702573478541112,0.8184047462005883,0.09989025647790353,33564.5,0.0
sw,7,cnn,cnn-lstm,0.8643916197676677,0.07085388151329328,0.8538406777706229,0.07433245220165248,29394.0,0.0468
sw,7,cnn,lstm,0.8643916197676677,0.07085388151329328,0.8687911789652387,0.061234874938541795,26485.5,0.98
sw,7,cnn,mlp,0.8643916197676677,0.07085388151329328,0.8170249852238444,0.10521128935136569,35421.5,0.0
sw,7,cnn-lstm,lstm,0.8538406777706229,0.07433245220165248,0.8687911789652387,0.061234874938541795,23468.0,0.0468
sw,7,cnn-lstm,mlp,0.8538406777706229,0.07433245220165248,0.8170249852238444,0.10521128935136569,32814.5,0.0
sw,7,lstm,mlp,0.8687911789652387,0.061234874938541795,0.8170249852238444,0.10521128935136569,35634.5,0.0
sw,8,cnn,cnn-lstm,0.8717044921865992,0.061732004670773,0.8619896961830215,0.06429320837932395,29294.5,0.0552
sw,8,cnn,lstm,0.8717044921865992,0.061732004670773,0.8735172624050134,0.06334060857454565,26238.5,0.882
sw,8,cnn,mlp,0.8717044921865992,0.061732004670773,0.8360081665727542,0.08594922363972031,34883.5,0.0
sw,8,cnn-lstm,lstm,0.8619896961830215,0.06429320837932395,0.8735172624050134,0.06334060857454565,23370.5,0.0465
sw,8,cnn-lstm,mlp,0.8619896961830215,0.06429320837932395,0.8360081665727542,0.08594922363972031,32246.0,0.0
sw,8,lstm,mlp,0.8735172624050134,0.06334060857454565,0.8360081665727542,0.08594922363972031,34941.0,0.0
sw,9,cnn,cnn-lstm,0.8825542941450373,0.058251077015411844,0.8758156001848832,0.05800160029285844,28644.5,0.186
sw,9,cnn,lstm,0.8825542941450373,0.058251077015411844,0.8785214711466279,0.05677380239567778,28480.0,0.186
sw,9,cnn,mlp,0.8825542941450373,0.058251077015411844,0.8373019890844156,0.08794307875172389,37497.0,0.0
sw,9,cnn-lstm,lstm,0.8758156001848832,0.05800160029285844,0.8785214711466279,0.05677380239567778,26151.5,0.834
sw,9,cnn-lstm,mlp,0.8758156001848832,0.05800160029285844,0.8373019890844156,0.08794307875172389,35315.0,0.0
sw,9,lstm,mlp,0.8785214711466279,0.05677380239567778,0.8373019890844156,0.08794307875172389,35852.5,0.0
sw,10,cnn,cnn-lstm,0.8835784691486637,0.05710853200657569,0.8761505714992301,0.05548408692155754,29107.5,0.093
sw,10,cnn,lstm,0.8835784691486637,0.05710853200657569,0.8819655229348264,0.05402236594052044,27699.5,0.381
sw,10,cnn,mlp,0.8835784691486637,0.05710853200657569,0.8429441094556188,0.08492006342398527,36577.0,0.0
sw,10,cnn-lstm,lstm,0.8761505714992301,0.05548408692155754,0.8819655229348264,0.05402236594052044,24946.5,0.3504
sw,10,cnn-lstm,mlp,0.8761505714992301,0.05548408692155754,0.8429441094556188,0.08492006342398527,34045.0,0.0
sw,10,lstm,mlp,0.8819655229348264,0.05402236594052044,0.8429441094556188,0.08492006342398527,35406.0,0.0
sw,11,cnn,cnn-lstm,0.8844923592355702,0.05561373791602646,0.8766268024630617,0.05972610777393442,28589.5,0.1995
sw,11,cnn,lstm,0.8844923592355702,0.05561373791602646,0.8823417684425101,0.055974493570078686,27586.5,0.45
sw,11,cnn,mlp,0.8844923592355702,0.05561373791602646,0.841904236015053,0.08780339858563058,36424.5,0.0
sw,11,cnn-lstm,lstm,0.8766268024630617,0.05972610777393442,0.8823417684425101,0.055974493570078686,25371.5,0.45
sw,11,cnn-lstm,mlp,0.8766268024630617,0.05972610777393442,0.841904236015053,0.08780339858563058,34209.5,0.0
sw,11,lstm,mlp,0.8823417684425101,0.055974493570078686,0.841904236015053,0.08780339858563058,35252.0,0.0
sw,12,cnn,cnn-lstm,0.8876753544368741,0.04689980748442522,0.8798136255270109,0.05097430655223426,28849.5,0.1104
sw,12,cnn,lstm,0.8876753544368741,0.04689980748442522,0.8887304917801879,0.045018746042331574,26446.0,0.998
sw,12,cnn,mlp,0.8876753544368741,0.04689980748442522,0.8427799068466766,0.08259789168238062,37416.5,0.0
sw,12,cnn-lstm,lstm,0.8798136255270109,0.05097430655223426,0.8887304917801879,0.045018746042331574,24010.0,0.1104
sw,12,cnn-lstm,mlp,0.8798136255270109,0.05097430655223426,0.8427799068466766,0.08259789168238062,35089.0,0.0
sw,12,lstm,mlp,0.8887304917801879,0.045018746042331574,0.8427799068466766,0.08259789168238062,36973.0,0.0
sw,13,cnn,cnn-lstm,0.8892557892636267,0.05113800573167586,0.8829008694593592,0.05143028796048483,28640.0,0.1875
sw,13,cnn,lstm,0.8892557892636267,0.05113800573167586,0.8879825873731806,0.04839772720694351,27553.0,0.439
sw,13,cnn,mlp,0.8892557892636267,0.05113800573167586,0.84573246635358,0.08674804739341926,37922.0,0.0
sw,13,cnn-lstm,lstm,0.8829008694593592,0.05143028796048483,0.8879825873731806,0.04839772720694351,25233.0,0.439
sw,13,cnn-lstm,mlp,0.8829008694593592,0.05143028796048483,0.84573246635358,0.08674804739341926,35533.0,0.0
sw,13,lstm,mlp,0.8879825873731806,0.04839772720694351,0.84573246635358,0.08674804739341926,36692.5,0.0
sw,14,cnn,cnn-lstm,0.8941111687787537,0.047475273504114415,0.8871862783127322,0.04814933879350565,29753.0,0.0288
sw,14,cnn,lstm,0.8941111687787537,0.047475273504114415,0.8953172732267244,0.047212131129304655,26396.5,0.97
sw,14,cnn,mlp,0.8941111687787537,0.047475273504114415,0.8469470891170893,0.0895897046796891,38846.5,0.0
sw,14,cnn-lstm,lstm,0.8871862783127322,0.04814933879350565,0.8953172732267244,0.047212131129304655,23234.5,0.0288
sw,14,cnn-lstm,mlp,0.8871862783127322,0.04814933879350565,0.8469470891170893,0.0895897046796891,36309.5,0.0
sw,14,lstm,mlp,0.8953172732267244,0.047212131129304655,0.8469470891170893,0.0895897046796891,38544.0,0.0
sw,15,cnn,cnn-lstm,0.894218780148168,0.0463395226603099,0.8869006609292682,0.04861135157902641,28954.0,0.0948
sw,15,cnn,lstm,0.894218780148168,0.0463395226603099,0.8955591270147836,0.04524933487230884,26250.5,0.889
sw,15,cnn,mlp,0.894218780148168,0.0463395226603099,0.8458369438980371,0.0970341256631636,37716.0,0.0
sw,15,cnn-lstm,lstm,0.8869006609292682,0.04861135157902641,0.8955591270147836,0.04524933487230884,23780.5,0.0915
sw,15,cnn-lstm,mlp,0.8869006609292682,0.04861135157902641,0.8458369438980371,0.0970341256631636,35414.0,0.0
sw,15,lstm,mlp,0.8955591270147836,0.04524933487230884,0.8458369438980371,0.0970341256631636,37712.0,0.0
sw,16,cnn,cnn-lstm,0.895856377475187,0.045544287415606316,0.8863259944745593,0.04896154597348686,29936.5,0.021
sw,16,cnn,lstm,0.895856377475187,0.045544287415606316,0.8965132343613308,0.045937668206829374,26634.0,0.898
sw,16,cnn,mlp,0.895856377475187,0.045544287415606316,0.8479498676709297,0.08720097012423518,38820.0,0.0
sw,16,cnn-lstm,lstm,0.8863259944745593,0.04896154597348686,0.8965132343613308,0.045937668206829374,23164.0,0.0252
sw,16,cnn-lstm,mlp,0.8863259944745593,0.04896154597348686,0.8479498676709297,0.08720097012423518,35810.0,0.0
sw,16,lstm,mlp,0.8965132343613308,0.045937668206829374,0.8479498676709297,0.08720097012423518,38544.0,0.0
sw,17,cnn,cnn-lstm,0.8969855348223505,0.04715948590240728,0.8898318745316692,0.047546447795513674,29373.5,0.048
sw,17,cnn,lstm,0.8969855348223505,0.04715948590240728,0.8999510757932018,0.04279756227146009,26083.5,0.797
sw,17,cnn,mlp,0.8969855348223505,0.04715948590240728,0.8503665538027366,0.08504580253288259,38795.5,0.0
sw,17,cnn-lstm,lstm,0.8898318745316692,0.047546447795513674,0.8999510757932018,0.04279756227146009,23237.5,0.036000000000000004
sw,17,cnn-lstm,mlp,0.8898318745316692,0.047546447795513674,0.8503665538027366,0.08504580253288259,36623.0,0.0
sw,17,lstm,mlp,0.8999510757932018,0.04279756227146009,0.8503665538027366,0.08504580253288259,38993.0,0.0
sw,18,cnn,cnn-lstm,0.8977541371024061,0.04208858857255302,0.8883981479748431,0.04875808960315502,29267.5,0.0576
sw,18,cnn,lstm,0.8977541371024061,0.04208858857255302,0.9005905355958547,0.03881829729483498,26072.5,0.791
sw,18,cnn,mlp,0.8977541371024061,0.04208858857255302,0.8523696731161482,0.08178364124987458,38360.5,0.0
sw,18,cnn-lstm,lstm,0.8883981479748431,0.04875808960315502,0.9005905355958547,0.03881829729483498,23235.5,0.036000000000000004
sw,18,cnn-lstm,mlp,0.8883981479748431,0.04875808960315502,0.8523696731161482,0.08178364124987458,36052.0,0.0
sw,18,lstm,mlp,0.9005905355958547,0.03881829729483498,0.8523696731161482,0.08178364124987458,38884.5,0.0
sw,19,cnn,cnn-lstm,0.8989081316460712,0.0422496280605539,0.8913675569004812,0.04547673145325001,29070.0,0.0792
sw,19,cnn,lstm,0.8989081316460712,0.0422496280605539,0.9007709997663358,0.03960728891744371,26162.0,0.84
sw,19,cnn,mlp,0.8989081316460712,0.0422496280605539,0.8523373065327944,0.0854846425451143,38752.5,0.0
sw,19,cnn-lstm,lstm,0.8913675569004812,0.04547673145325001,0.9007709997663358,0.03960728891744371,23493.5,0.057
sw,19,cnn-lstm,mlp,0.8913675569004812,0.04547673145325001,0.8523373065327944,0.0854846425451143,36650.5,0.0
sw,19,lstm,mlp,0.9007709997663358,0.03960728891744371,0.8523373065327944,0.0854846425451143,39117.0,0.0
sw,20,cnn,cnn-lstm,0.9010863954007258,0.041855418428233516,0.892553591691045,0.04644091635249377,29377.0,0.048
sw,20,cnn,lstm,0.9010863954007258,0.041855418428233516,0.9021185779801774,0.042758601522265044,26231.5,0.878
sw,20,cnn,mlp,0.9010863954007258,0.041855418428233516,0.8553973625813834,0.07848370827075224,39094.5,0.0
sw,20,cnn-lstm,lstm,0.892553591691045,0.04644091635249377,0.9021185779801774,0.042758601522265044,23311.5,0.042
sw,20,cnn-lstm,mlp,0.892553591691045,0.04644091635249377,0.8553973625813834,0.07848370827075224,36623.0,0.0
sw,20,lstm,mlp,0.9021185779801774,0.042758601522265044,0.8553973625813834,0.07848370827075224,39230.0,0.0
sw,21,cnn,cnn-lstm,0.9024084212356417,0.039787687516422185,0.8930590254855728,0.04746358843070034,29775.5,0.024
sw,21,cnn,lstm,0.9024084212356417,0.039787687516422185,0.9032115983913066,0.040388210532263595,26343.0,0.94
sw,21,cnn,mlp,0.9024084212356417,0.039787687516422185,0.8556725413086782,0.08756655869977904,38450.5,0.0
sw,21,cnn-lstm,lstm,0.8930590254855728,0.04746358843070034,0.9032115983913066,0.040388210532263595,23128.0,0.024
sw,21,cnn-lstm,mlp,0.8930590254855728,0.04746358843070034,0.8556725413086782,0.08756655869977904,35989.0,0.0
sw,21,lstm,mlp,0.9032115983913066,0.040388210532263595,0.8556725413086782,0.08756655869977904,38282.0,0.0
sw,22,cnn,cnn-lstm,0.9048613924118266,0.038565558195705354,0.8975639559042203,0.041747669840614066,29399.0,0.0585
sw,22,cnn,lstm,0.9048613924118266,0.038565558195705354,0.9049622981997083,0.036575217063938736,26848.0,0.78
sw,22,cnn,mlp,0.9048613924118266,0.038565558195705354,0.8557294897114922,0.08042971251340457,40310.5,0.0
sw,22,cnn-lstm,lstm,0.8975639559042203,0.041747669840614066,0.9049622981997083,0.036575217063938736,24011.0,0.10439999999999999
sw,22,cnn-lstm,mlp,0.8975639559042203,0.041747669840614066,0.8557294897114922,0.08042971251340457,37852.5,0.0
sw,22,lstm,mlp,0.9049622981997083,0.036575217063938736,0.8557294897114922,0.08042971251340457,39778.5,0.0
fused,1,cnn,cnn-lstm,0.5037570114304488,0.34988146085566196,0.47908884843109756,0.3277504500785459,28810.5,0.1164
fused,1,cnn,lstm,0.5037570114304488,0.34988146085566196,0.4475571928670176,0.34198027183883506,29678.0,0.0345
fused,1,cnn,mlp,0.5037570114304488,0.34988146085566196,0.2789246920641497,0.3310077077911306,37291.0,0.0
fused,1,cnn-lstm,lstm,0.47908884843109756,0.3277504500785459,0.4475571928670176,0.34198027183883506,27384.5,0.512
fused,1,cnn-lstm,mlp,0.47908884843109756,0.3277504500785459,0.2789246920641497,0.3310077077911306,35993.0,0.0
fused,1,lstm,mlp,0.4475571928670176,0.34198027183883506,0.2789246920641497,0.3310077077911306,34926.5,0.0
fused,2,cnn,cnn-lstm,0.6707586178648568,0.32078622826094016,0.6463780051823564,0.28986206919498375,29497.5,0.0396
fused,2,cnn,lstm,0.6707586178648568,0.32078622826094016,0.6198408895504653,0.3172570413455949,30632.5,0.0045000000000000005
fused,2,cnn,mlp,0.6707586178648568,0.32078622826094016,0.503076653248712,0.3544358614389727,35292.0,0.0
fused,2,cnn-lstm,lstm,0.6463780051823564,0.28986206919498375,0.6198408895504653,0.3172570413455949,27539.0,0.445
fused,2,cnn-lstm,mlp,0.6463780051823564,0.28986206919498375,0.503076653248712,0.3544358614389727,32991.0,0.0
fused,2,lstm,mlp,0.6198408895504653,0.3172570413455949,0.503076653248712,0.3544358614389727,31822.0,0.0
fused,3,cnn,cnn-lstm,0.8393100659068783,0.08489856738957893,0.801426958996541,0.13191847059607587,30582.5,0.006
fused,3,cnn,lstm,0.8393100659068783,0.08489856738957893,0.7751075615522044,0.14812036192747305,33761.5,0.0
fused,3,cnn,mlp,0.8393100659068783,0.08489856738957893,0.7045551664682418,0.22937063391288884,36774.0,0.0
fused,3,cnn-lstm,lstm,0.801426958996541,0.13191847059607587,0.7751075615522044,0.14812036192747305,29654.5,0.025
fused,3,cnn-lstm,mlp,0.801426958996541,0.13191847059607587,0.7045551664682418,0.22937063391288884,33161.5,0.0
fused,3,lstm,mlp,0.7751075615522044,0.14812036192747305,0.7045551664682418,0.22937063391288884,30265.5,0.0084
fused,4,cnn,cnn-lstm,0.8337755169640636,0.14479082587562978,0.7972356993849741,0.1833882283419057,29305.5,0.05399999999999999
fused,4,cnn,lstm,0.8337755169640636,0.14479082587562978,0.7929752579964688,0.1647642558980436,31590.0,0.0
fused,4,cnn,mlp,0.8337755169640636,0.14479082587562978,0.703541107808036,0.27400828253152243,35611.0,0.0
fused,4,cnn-lstm,lstm,0.7972356993849741,0.1833882283419057,0.7929752579964688,0.1647642558980436,28563.0,0.138
fused,4,cnn-lstm,mlp,0.7972356993849741,0.1833882283419057,0.703541107808036,0.27400828253152243,32643.5,0.0
fused,4,lstm,mlp,0.7929752579964688,0.1647642558980436,0.703541107808036,0.27400828253152243,30855.0,0.003
fused,5,cnn,cnn-lstm,0.8743619839732106,0.06282199708890306,0.8559893838644617,0.09623585393926215,28101.0,0.247
fused,5,cnn,lstm,0.8743619839732106,0.06282199708890306,0.8250093147605587,0.11832223893134347,33429.0,0.0
fused,5,cnn,mlp,0.8743619839732106,0.06282199708890306,0.7897987124611335,0.18019125096496955,35254.5,0.0
fused,5,cnn-lstm,lstm,0.8559893838644617,0.09623585393926215,0.8250093147605587,0.11832223893134347,31229.0,0.0015
fused,5,cnn-lstm,mlp,0.8559893838644617,0.09623585393926215,0.7897987124611335,0.18019125096496955,33078.5,0.0
fused,5,lstm,mlp,0.8250093147605587,0.11832223893134347,0.7897987124611335,0.18019125096496955,28371.0,0.21359999999999998
fused,6,cnn,cnn-lstm,0.8399668023915856,0.18066627683898634,0.8377411857651796,0.15785885520285792,27433.5,0.49
fused,6,cnn,lstm,0.8399668023915856,0.18066627683898634,0.8137406713775218,0.16249856589608738,32007.0,0.0
fused,6,cnn,mlp,0.8399668023915856,0.18066627683898634,0.7554997861920004,0.2404428325810903,34218.5,0.0
fused,6,cnn-lstm,lstm,0.8377411857651796,0.15785885520285792,0.8137406713775218,0.16249856589608738,30888.5,0.003
fused,6,cnn-lstm,mlp,0.8377411857651796,0.15785885520285792,0.7554997861920004,0.2404428325810903,33123.0,0.0
fused,6,lstm,mlp,0.8137406713775218,0.16249856589608738,0.7554997861920004,0.2404428325810903,29261.5,0.0588
fused,7,cnn,cnn-lstm,0.8811967805712837,0.06368001335541225,0.8708619274379995,0.07416268272383829,28202.5,0.219
fused,7,cnn,lstm,0.8811967805712837,0.06368001335541225,0.8616151798787215,0.07045395776593935,31333.0,0.002
fused,7,cnn,mlp,0.8811967805712837,0.06368001335541225,0.8197839236550427,0.16053136303667564,33567.0,0.0
fused,7,cnn-lstm,lstm,0.8708619274379995,0.07416268272383829,0.8616151798787215,0.07045395776593935,29385.5,0.060000000000000005
fused,7,cnn-lstm,mlp,0.8708619274379995,0.07416268272383829,0.8197839236550427,0.16053136303667564,31589.0,0.0
fused,7,lstm,mlp,0.8616151798787215,0.07045395776593935,0.8197839236550427,0.16053136303667564,28850.5,0.1104
fused,8,cnn,cnn-lstm,0.8834575476296026,0.0652010973294725,0.8785871770761703,0.07301527554803977,27356.5,0.63
fused,8,cnn,lstm,0.8834575476296026,0.0652010973294725,0.8499086707471986,0.09076350691401841,32595.0,0.0
fused,8,cnn,mlp,0.8834575476296026,0.0652010973294725,0.8478287488187938,0.12136996835338142,32495.0,0.0
fused,8,cnn-lstm,lstm,0.8785871770761703,0.07301527554803977,0.8499086707471986,0.09076350691401841,31551.0,0.0
fused,8,cnn-lstm,mlp,0.8785871770761703,0.07301527554803977,0.8478287488187938,0.12136996835338142,31175.0,0.0015
fused,8,lstm,mlp,0.8499086707471986,0.09076350691401841,0.8478287488187938,0.12136996835338142,25881.5,0.69
fused,9,cnn,cnn-lstm,0.8970779692924075,0.05640088709136015,0.8921113483236067,0.06181613038218652,27301.0,0.646
fused,9,cnn,lstm,0.8970779692924075,0.05640088709136015,0.8697101974856652,0.07247417563575725,33302.0,0.0
fused,9,cnn,mlp,0.8970779692924075,0.05640088709136015,0.8659950817145359,0.086621358930981,34149.5,0.0
fused,9,cnn-lstm,lstm,0.8921113483236067,0.06181613038218652,0.8697101974856652,0.07247417563575725,32163.5,0.0
fused,9,cnn-lstm,mlp,0.8921113483236067,0.06181613038218652,0.8659950817145359,0.086621358930981,32934.0,0.0
fused,9,lstm,mlp,0.8697101974856652,0.07247417563575725,0.8659950817145359,0.086621358930981,27105.5,0.646
fused,10,cnn,cnn-lstm,0.8972614752555883,0.055755069873534006,0.8970308025924428,0.06472635298478246,25822.5,0.66
fused,10,cnn,lstm,0.8972614752555883,0.055755069873534006,0.8820175791059319,0.07355218324296556,29600.5,0.0405
fused,10,cnn,mlp,0.8972614752555883,0.055755069873534006,0.8633219699411128,0.11964798062627668,31800.0,0.0
fused,10,cnn-lstm,lstm,0.8970308025924428,0.06472635298478246,0.8820175791059319,0.07355218324296556,30096.0,0.022
fused,10,cnn-lstm,mlp,0.8970308025924428,0.06472635298478246,0.8633219699411128,0.11964798062627668,32237.0,0.0
fused,10,lstm,mlp,0.8820175791059319,0.07355218324296556,0.8633219699411128,0.11964798062627668,28580.5,0.162
fused,11,cnn,cnn-lstm,0.8990121434504825,0.048964331622023224,0.8946704476583399,0.06469212228262146,26648.0,0.89
fused,11,cnn,lstm,0.8990121434504825,0.048964331622023224,0.8869221932226453,0.05980913867410629,29533.5,0.062
fused,11,cnn,mlp,0.8990121434504825,0.048964331622023224,0.8721770856399159,0.09693308926333258,31072.0,0.006
fused,11,cnn-lstm,lstm,0.8946704476583399,0.06469212228262146,0.8869221932226453,0.05980913867410629,29038.0,0.10500000000000001
fused,11,cnn-lstm,mlp,0.8946704476583399,0.06469212228262146,0.8721770856399159,0.09693308926333258,30609.0,0.012
fused,11,lstm,mlp,0.8869221932226453,0.05980913867410629,0.8721770856399159,0.09693308926333258,28006.5,0.33
fused,12,cnn,cnn-lstm,0.8966611914059343,0.06287170170019732,0.8987600123684605,0.065299315408447,25054.0,0.3936
fused,12,cnn,lstm,0.8966611914059343,0.06287170170019732,0.881546404659078,0.07349138079612778,30905.5,0.003
fused,12,cnn,mlp,0.8966611914059343,0.06287170170019732,0.8814831496036056,0.07716373601689704,30843.0,0.003
fused,12,cnn-lstm,lstm,0.8987600123684605,0.065299315408447,0.881546404659078,0.07349138079612778,32141.5,0.0
fused,12,cnn-lstm,mlp,0.8987600123684605,0.065299315408447,0.8814831496036056,0.07716373601689704,32169.0,0.0
fused,12,lstm,mlp,0.881546404659078,0.07349138079612778,0.8814831496036056,0.07716373601689704,26267.5,0.898
fused,13,cnn,cnn-lstm,0.9065947902666989,0.05537321872269917,0.9108617723019474,0.0506689754508074,25582.0,0.6516000000000001
fused,13,cnn,lstm,0.9065947902666989,0.05537321872269917,0.8922663196084746,0.05504840067074547,32828.0,0.0
fused,13,cnn,mlp,0.9065947902666989,0.05537321872269917,0.889143200128382,0.06140020188282103,33204.0,0.0
fused,13,cnn-lstm,lstm,0.9108617723019474,0.0506689754508074,0.8922663196084746,0.05504840067074547,33647.5,0.0
fused,13,cnn-lstm,mlp,0.9108617723019474,0.0506689754508074,0.889143200128382,0.06140020188282103,34044.5,0.0
fused,13,lstm,mlp,0.8922663196084746,0.05504840067074547,0.889143200128382,0.06140020188282103,26834.0,0.788
fused,14,cnn,cnn-lstm,0.9102249664630807,0.050056023026794357,0.9096191049473283,0.05089360720390829,26005.0,0.755
fused,14,cnn,lstm,0.9102249664630807,0.050056023026794357,0.8998236396755537,0.051664907458322536,30693.5,0.0045000000000000005
fused,14,cnn,mlp,0.9102249664630807,0.050056023026794357,0.8841614679597123,0.08428831218224535,32810.0,0.0
fused,14,cnn-lstm,lstm,0.9096191049473283,0.05089360720390829,0.8998236396755537,0.051664907458322536,31003.0,0.002
fused,14,cnn-lstm,mlp,0.9096191049473283,0.05089360720390829,0.8841614679597123,0.08428831218224535,33126.0,0.0
fused,14,lstm,mlp,0.8998236396755537,0.051664907458322536,0.8841614679597123,0.08428831218224535,28796.5,0.12
fused,15,cnn,cnn-lstm,0.911120268936527,0.052602596921154446,0.9134375381008976,0.04873499539016172,25358.0,0.5327999999999999
fused,15,cnn,lstm,0.911120268936527,0.052602596921154446,0.9004537551680782,0.04815139312981487,32079.0,0.0
fused,15,cnn,mlp,0.911120268936527,0.052602596921154446,0.8987111730400996,0.0520399552151577,32203.5,0.0
fused,15,cnn-lstm,lstm,0.9134375381008976,0.04873499539016172,0.9004537551680782,0.04815139312981487,32399.5,0.0
fused,15,cnn-lstm,mlp,0.9134375381008976,0.04873499539016172,0.8987111730400996,0.0520399552151577,32464.5,0.0
fused,15,lstm,mlp,0.9004537551680782,0.04815139312981487,0.8987111730400996,0.0520399552151577,26429.5,0.989
fused,16,cnn,cnn-lstm,0.9125402772549076,0.0498807956054998,0.9190666618156482,0.04267236880453798,23647.5,0.049
fused,16,cnn,lstm,0.9125402772549076,0.0498807956054998,0.9041572148411753,0.051328078294864604,29391.5,0.048
fused,16,cnn,mlp,0.9125402772549076,0.0498807956054998,0.8965417210125657,0.05209876175901898,32457.5,0.0
fused,16,cnn-lstm,lstm,0.9190666618156482,0.04267236880453798,0.9041572148411753,0.051328078294864604,31916.5,0.0
fused,16,cnn-lstm,mlp,0.9190666618156482,0.04267236880453798,0.8965417210125657,0.05209876175901898,34734.0,0.0
fused,16,lstm,mlp,0.9041572148411753,0.051328078294864604,0.8965417210125657,0.05209876175901898,29377.5,0.048
fused,17,cnn,cnn-lstm,0.9136028211132513,0.04967407612509368,0.9159955132139427,0.04676582388535557,24930.5,0.3444
fused,17,cnn,lstm,0.9136028211132513,0.04967407612509368,0.9011750399082401,0.05171099843127118,31661.0,0.0
fused,17,cnn,mlp,0.9136028211132513,0.04967407612509368,0.9011524711405198,0.049484289893725844,31766.0,0.0
fused,17,cnn-lstm,lstm,0.9159955132139427,0.04676582388535557,0.9011750399082401,0.05171099843127118,32609.5,0.0
fused,17,cnn-lstm,mlp,0.9159955132139427,0.04676582388535557,0.9011524711405198,0.049484289893725844,32761.0,0.0
fused,17,lstm,mlp,0.9011750399082401,0.05171099843127118,0.9011524711405198,0.049484289893725844,26347.5,0.943
fused,18,cnn,cnn-lstm,0.9142281133856774,0.05278713243379872,0.9196755048433871,0.04006119314117382,24632.0,0.2424
fused,18,cnn,lstm,0.9142281133856774,0.05278713243379872,0.9066957936441428,0.047528108154593726,31006.5,0.0015
fused,18,cnn,mlp,0.9142281133856774,0.05278713243379872,0.9035313264336301,0.051556992431301046,32379.0,0.0
fused,18,cnn-lstm,lstm,0.9196755048433871,0.04006119314117382,0.9066957936441428,0.047528108154593726,32401.0,0.0
fused,18,cnn-lstm,mlp,0.9196755048433871,0.04006119314117382,0.9035313264336301,0.051556992431301046,33696.5,0.0
fused,18,lstm,mlp,0.9066957936441428,0.047528108154593726,0.9035313264336301,0.051556992431301046,27855.0,0.325
fused,19,cnn,cnn-lstm,0.9152030137905617,0.052752768109437395,0.9206456523163151,0.03980380054537178,24383.5,0.17639999999999997
fused,19,cnn,lstm,0.9152030137905617,0.052752768109437395,0.9053337278964932,0.05206435009476247,30805.0,0.003
fused,19,cnn,mlp,0.9152030137905617,0.052752768109437395,0.9064765893405319,0.042482729090822374,31975.0,0.0
fused,19,cnn-lstm,lstm,0.9206456523163151,0.03980380054537178,0.9053337278964932,0.05206435009476247,32324.0,0.0
fused,19,cnn-lstm,mlp,0.9206456523163151,0.03980380054537178,0.9064765893405319,0.042482729090822374,33631.0,0.0
fused,19,lstm,mlp,0.9053337278964932,0.05206435009476247,0.9064765893405319,0.042482729090822374,27358.5,0.524
fused,20,cnn,cnn-lstm,0.9183888110877358,0.04850808962106067,0.9209902367553792,0.03932626904111544,25374.0,0.451
fused,20,cnn,lstm,0.9183888110877358,0.04850808962106067,0.9107446846181618,0.048443120487436105,29884.0,0.024
fused,20,cnn,mlp,0.9183888110877358,0.04850808962106067,0.9081904607796463,0.0425537110255667,32669.5,0.0
fused,20,cnn-lstm,lstm,0.9209902367553792,0.03932626904111544,0.9107446846181618,0.048443120487436105,30598.5,0.008
fused,20,cnn-lstm,mlp,0.9209902367553792,0.03932626904111544,0.9081904607796463,0.0425537110255667,33515.0,0.0
fused,20,lstm,mlp,0.9107446846181618,0.048443120487436105,0.9081904607796463,0.0425537110255667,28642.5,0.1488
fused,21,cnn,cnn-lstm,0.9190368762185142,0.05302477323586015,0.918782093218342,0.04645702472136424,26046.5,0.9324
fused,21,cnn,lstm,0.9190368762185142,0.05302477323586015,0.9093083847109046,0.04693289146201966,31562.5,0.0
fused,21,cnn,mlp,0.9190368762185142,0.05302477323586015,0.9100993839350108,0.0427559095176732,31707.0,0.0
fused,21,cnn-lstm,lstm,0.918782093218342,0.04645702472136424,0.9093083847109046,0.04693289146201966,31558.5,0.0
fused,21,cnn-lstm,mlp,0.918782093218342,0.04645702472136424,0.9100993839350108,0.0427559095176732,31686.5,0.0
fused,21,lstm,mlp,0.9093083847109046,0.04693289146201966,0.9100993839350108,0.0427559095176732,26409.0,0.977
fused,22,cnn,cnn-lstm,0.9208281557274028,0.05389369301590133,0.9241411673321394,0.040512207989834584,25729.5,0.614
fused,22,cnn,lstm,0.9208281557274028,0.05389369301590133,0.9125963859689462,0.049638365792620154,31718.0,0.0
fused,22,cnn,mlp,0.9208281557274028,0.05389369301590133,0.913801187048865,0.037413066842435186,32858.5,0.0
fused,22,cnn-lstm,lstm,0.9241411673321394,0.040512207989834584,0.9125963859689462,0.049638365792620154,31743.0,0.0
fused,22,cnn-lstm,mlp,0.9241411673321394,0.040512207989834584,0.913801187048865,0.037413066842435186,32947.5,0.0
fused,22,lstm,mlp,0.9125963859689462,0.049638365792620154,0.913801187048865,0.037413066842435186,27376.0,0.614
